{"cameraMode":{"drawMode":0,"name":"Shaded","section":"Shading Mode"},"sceneLighting":false,"audioPlay":false,"sceneViewState":{"showFog":true,"showMaterialUpdate":false,"showSkybox":false,"showFlares":true,"showImageEffects":true,"showParticleSystems":true},"in2DMode":false,"pivot":{"x":-0.04072856903076172,"y":0.4065755307674408,"z":0.0},"rotation":{"x":0.13266825675964356,"y":-0.22948725521564485,"z":0.03166657313704491,"w":0.9638028740882874},"size":0.5962284207344055,"orthographic":false}