{"cameraMode":{"drawMode":0,"name":"Shaded","section":"Shading Mode"},"sceneLighting":false,"audioPlay":false,"sceneViewState":{"showFog":true,"showMaterialUpdate":false,"showSkybox":false,"showFlares":true,"showImageEffects":true,"showParticleSystems":true},"in2DMode":false,"pivot":{"x":-3.6575169563293459,"y":2.3521814346313478,"z":-3.0397112369537355},"rotation":{"x":0.06033017858862877,"y":0.8619343638420105,"z":-0.1054852157831192,"w":0.4924274981021881},"size":2.887467384338379,"orthographic":false}