{"cameraMode":{"drawMode":0,"name":"Shaded","section":"Shading Mode"},"sceneLighting":false,"audioPlay":false,"sceneViewState":{"showFog":true,"showMaterialUpdate":false,"showSkybox":false,"showFlares":true,"showImageEffects":true,"showParticleSystems":true},"in2DMode":false,"pivot":{"x":1.936924695968628,"y":0.7312343120574951,"z":-2.0080151557922365},"rotation":{"x":-0.2269892543554306,"y":-0.4035837948322296,"z":0.10396673530340195,"w":-0.8803372383117676},"size":3.3084335327148439,"orthographic":false}