{"cameraMode":{"drawMode":0,"name":"Shaded","section":"Shading Mode"},"sceneLighting":false,"audioPlay":false,"sceneViewState":{"showFog":true,"showMaterialUpdate":false,"showSkybox":false,"showFlares":true,"showImageEffects":true,"showParticleSystems":true},"in2DMode":false,"pivot":{"x":0.0000020265579223632814,"y":3.3923070430755617,"z":0.0000025033950805664064},"rotation":{"x":-0.2826174199581146,"y":0.10596489906311035,"z":-0.031364306807518008,"w":-0.95292067527771},"size":3.841092348098755,"orthographic":false}