{"cameraMode":{"drawMode":0,"name":"Shaded","section":"Shading Mode"},"sceneLighting":false,"audioPlay":false,"sceneViewState":{"showFog":true,"showMaterialUpdate":false,"showSkybox":false,"showFlares":true,"showImageEffects":true,"showParticleSystems":true},"in2DMode":false,"pivot":{"x":-6.716287612915039,"y":0.20957255363464356,"z":13.64857292175293},"rotation":{"x":0.021167660132050515,"y":0.9768784642219544,"z":-0.17958226799964906,"w":0.11486946791410446},"size":2.10178542137146,"orthographic":false}