{"cameraMode":{"drawMode":0,"name":"Shaded","section":"Shading Mode"},"sceneLighting":true,"audioPlay":false,"sceneViewState":{"showFog":true,"showMaterialUpdate":false,"showSkybox":true,"showFlares":true,"showImageEffects":true,"showParticleSystems":true},"in2DMode":false,"pivot":{"x":426.2433776855469,"y":65.38042449951172,"z":305.6878662109375},"rotation":{"x":0.19679023325443269,"y":-0.5585640072822571,"z":0.13902787864208222,"w":0.7938540577888489},"size":15.737796783447266,"orthographic":false}