{"cameraMode":{"drawMode":0,"name":"Shaded","section":"Shading Mode"},"sceneLighting":false,"audioPlay":false,"sceneViewState":{"showFog":true,"showMaterialUpdate":false,"showSkybox":false,"showFlares":true,"showImageEffects":true,"showParticleSystems":true},"in2DMode":false,"pivot":{"x":-0.31879836320877077,"y":-0.06534036993980408,"z":-0.19778738915920258},"rotation":{"x":0.13266825675964356,"y":-0.22948725521564485,"z":0.03166657313704491,"w":0.9638028740882874},"size":0.42699167132377627,"orthographic":false}