{"cameraMode":{"drawMode":0,"name":"Shaded","section":"Shading Mode"},"sceneLighting":false,"audioPlay":false,"sceneViewState":{"showFog":true,"showMaterialUpdate":false,"showSkybox":false,"showFlares":true,"showImageEffects":true,"showParticleSystems":true},"in2DMode":false,"pivot":{"x":-3.3638157844543459,"y":0.24068737030029298,"z":9.058648109436036},"rotation":{"x":0.13266825675964356,"y":-0.22948725521564485,"z":0.03166657313704491,"w":0.9638028740882874},"size":6.880848407745361,"orthographic":false}