{"cameraMode":{"drawMode":0,"name":"Shaded","section":"Shading Mode"},"sceneLighting":false,"audioPlay":false,"sceneViewState":{"showFog":true,"showMaterialUpdate":false,"showSkybox":false,"showFlares":true,"showImageEffects":true,"showParticleSystems":true},"in2DMode":false,"pivot":{"x":-0.719501256942749,"y":0.008422046899795533,"z":-0.3011535406112671},"rotation":{"x":0.03313982114195824,"y":0.9579410552978516,"z":-0.1230897307395935,"w":0.2574533522129059},"size":0.9344612956047058,"orthographic":false}