{"cameraMode":{"drawMode":0,"name":"Shaded","section":"Shading Mode"},"sceneLighting":false,"audioPlay":false,"sceneViewState":{"showFog":true,"showMaterialUpdate":false,"showSkybox":false,"showFlares":true,"showImageEffects":true,"showParticleSystems":true},"in2DMode":false,"pivot":{"x":0.028796762228012086,"y":0.38929104804992678,"z":-0.042423367500305179},"rotation":{"x":0.13266825675964356,"y":-0.22948725521564485,"z":0.03166657313704491,"w":0.9638028740882874},"size":0.7086853981018066,"orthographic":false}