{"cameraMode":{"drawMode":0,"name":"Shaded","section":"Shading Mode"},"sceneLighting":false,"audioPlay":false,"sceneViewState":{"showFog":true,"showMaterialUpdate":false,"showSkybox":false,"showFlares":true,"showImageEffects":true,"showParticleSystems":true},"in2DMode":false,"pivot":{"x":0.40981942415237429,"y":1.148608684539795,"z":1.5006213188171387},"rotation":{"x":0.017322838306427003,"y":0.981825053691864,"z":-0.10973038524389267,"w":0.15447360277175904},"size":1.3253093957901,"orthographic":false}