{"cameraMode":{"drawMode":0,"name":"Shaded","section":"Shading Mode"},"sceneLighting":false,"audioPlay":false,"sceneViewState":{"showFog":true,"showMaterialUpdate":false,"showSkybox":false,"showFlares":true,"showImageEffects":true,"showParticleSystems":true},"in2DMode":false,"pivot":{"x":0.7679533958435059,"y":0.43961000442504885,"z":0.6037595272064209},"rotation":{"x":0.051995985209941867,"y":0.909545361995697,"z":-0.11963748931884766,"w":0.39483335614204409},"size":2.072666883468628,"orthographic":false}