{"cameraMode":{"drawMode":0,"name":"Shaded","section":"Shading Mode"},"sceneLighting":false,"audioPlay":false,"sceneViewState":{"showFog":true,"showMaterialUpdate":false,"showSkybox":false,"showFlares":true,"showImageEffects":true,"showParticleSystems":true},"in2DMode":false,"pivot":{"x":0.1309525966644287,"y":1.412589192390442,"z":-1.6198382377624512},"rotation":{"x":0.04708797112107277,"y":0.8831011056900024,"z":-0.09063813835382462,"w":0.45813024044036868},"size":2.6973018646240236,"orthographic":false}