{"cameraMode":{"drawMode":0,"name":"Shaded","section":"Shading Mode"},"sceneLighting":false,"audioPlay":false,"sceneViewState":{"showFog":true,"showMaterialUpdate":false,"showSkybox":false,"showFlares":true,"showImageEffects":true,"showParticleSystems":true},"in2DMode":false,"pivot":{"x":-0.15966558456420899,"y":1.8245635032653809,"z":0.3450155258178711},"rotation":{"x":0.03313982114195824,"y":0.9579410552978516,"z":-0.1230897307395935,"w":0.2574533522129059},"size":2.7872471809387209,"orthographic":false}