{"cameraMode":{"drawMode":0,"name":"Shaded","section":"Shading Mode"},"sceneLighting":false,"audioPlay":false,"sceneViewState":{"showFog":true,"showMaterialUpdate":false,"showSkybox":false,"showFlares":true,"showImageEffects":true,"showParticleSystems":true},"in2DMode":false,"pivot":{"x":1.8262107372283936,"y":1.3346807956695557,"z":-2.8430914878845217},"rotation":{"x":0.1910831779241562,"y":0.40967774391174319,"z":-0.08771755546331406,"w":0.887807309627533},"size":2.487934112548828,"orthographic":false}