{"cameraMode":{"drawMode":0,"name":"Shaded","section":"Shading Mode"},"sceneLighting":false,"audioPlay":false,"sceneViewState":{"showFog":true,"showMaterialUpdate":false,"showSkybox":false,"showFlares":true,"showImageEffects":true,"showParticleSystems":true},"in2DMode":false,"pivot":{"x":0.8494167327880859,"y":1.3071925640106202,"z":-3.0606517791748049},"rotation":{"x":-0.040602102875709537,"y":0.9555511474609375,"z":-0.1579572856426239,"w":-0.24597765505313874},"size":3.7780067920684816,"orthographic":false}